<?xml version="1.0" encoding="UTF-8" standalone="yes"?>
<addon
  id="plugin.video.htvonline.com.vn"
  version="1.0.9"
  name="TV-HTVOnline"
  provider-name="Traitravinh">
  <requires>
    <import addon="xbmc.python" version="2.1.0"/>
  </requires>
  <extension point="xbmc.python.pluginsource" library="default.py">
        <provides>video</provides>
  </extension>
  <extension point="xbmc.addon.metadata">
    <summary>HTV Online</summary>
    <description>Xem cac kenh truyen hinh HTVcab tai htvonline.com.vn</description>
    <platform>all</platform>
  </extension>
</addon>