<?xml version="1.0" encoding="UTF-8" standalone="yes"?>
<addon
  id="plugin.video.anhtrang.org"
  version="0.0.7"
  name="Phim-AnhTrang"
  provider-name="ThongLD">
 <requires>
    <import addon="xbmc.python" version="2.1.0" />
    <import addon="script.module.xbmcswift2" version="1.3.1" />
    <import addon="plugin.video.youtube" version="4.4.1" />
  </requires>
  <extension point="xbmc.python.pluginsource"
            library="default.py">
        <provides>video</provides>
  </extension>
  <extension point="xbmc.addon.metadata">
    <summary>Watch movies</summary>
    <description>kodivn 1.0.2</description>
    <platform>all</platform>
  </extension>
</addon>